,half,jb_p,lb_pval,arch_p
0,1,2.954824522428057e-78,0.05413666472862183,0.411054687247038
1,2,5.4296993501248495e-31,0.07606635545644111,0.6012516362303877
