,half,jb_p,lb_pval,arch_p
0,1,0.0,0.045906103875622405,0.9905414603871114
1,2,0.0,0.6439291452117414,0.9974976406096269
